{
	"appId": "com.app.Gurukul",
	"appName": "Gurukul",
	"webDir": "www",
	"server": {
		"androidScheme": "https"
	},
	"plugins": {
		"SplashScreen": {
			"launchShowDuration": 3000,
			"launchAutoHide": true,
			"launchFadeOutDuration": 3000,
			"backgroundColor": "#ffffffff",
			"androidSplashResourceName": "splash",
			"showSpinner": false,
			"androidSpinnerStyle": "small",
			"iosSpinnerStyle": "small",
			"splashFullScreen": true,
			"splashImmersive": true,
			"layoutName": "launch_screen",
			"useDialog": true
		},
		"PushNotifications": {
			"presentationOptions": [
				"badge",
				"sound",
				"alert"
			]
		}
	}
}
